{
   "Status": "single",
   "ECEF": {
     "X": 4138451.4654915384,
     "Y": 640014.8181118808,
     "Z": 4795048.015078024
   },
   "DOP": {
     "GDOP": 0.0,
     "PDOP": 0.0,
     "HDOP": 0.0,
     "VDOP": 0.0,
     "TDOP": 0.0,
     "R95": 84984.201860682733,
     "NSAT": 6,
     "LATSD": 0.0,
     "HORSD": 0.0
   },
   "MOPS": {
     "HPL": 1365.1175871090188,
     "VPL": 1032.3974793356829
   },
   "BASELINE": {
     "length": 6.9076168496046138e-310,
     "unc": 6.9076210128642922e-310
   }
 }